image_filename,people_count,zone_1,zone_2,zone_3,zone_4
seq_001012.jpg,17,6,5,3,1
seq_001021.jpg,25,6,6,6,3
seq_001011.jpg,18,6,6,3,0
seq_000993.jpg,23,4,6,6,0
seq_000994.jpg,29,6,7,6,1
seq_001018.jpg,23,7,8,3,3
seq_001006.jpg,22,7,4,6,0
seq_001005.jpg,23,9,3,6,0
seq_001019.jpg,22,7,6,4,3
seq_001017.jpg,21,6,6,4,2
seq_001010.jpg,20,6,5,4,0
seq_001014.jpg,18,7,4,4,1
seq_001009.jpg,22,6,7,4,0
seq_001007.jpg,26,12,6,6,0
seq_000997.jpg,25,7,5,6,2
seq_001013.jpg,20,8,5,4,1
seq_000995.jpg,24,6,10,3,1
seq_000999.jpg,25,7,5,4,1
seq_001002.jpg,18,4,4,4,4
seq_001015.jpg,21,8,6,4,1
seq_001001.jpg,24,4,4,4,4
seq_001028.jpg,24,6,7,5,3
seq_001045.jpg,19,4,5,2,2
seq_001040.jpg,24,6,7,2,6
seq_001044.jpg,20,3,5,1,4
seq_001041.jpg,22,6,6,3,5
seq_001039.jpg,23,4,8,4,4
seq_001048.jpg,19,5,5,3,0
seq_001027.jpg,23,5,8,5,3
seq_001038.jpg,23,7,8,2,4
seq_001051.jpg,20,9,6,3,0
seq_001042.jpg,23,6,6,1,7
seq_001031.jpg,22,5,7,2,4
seq_001022.jpg,22,5,5,4,0
seq_001046.jpg,17,3,4,3,2
seq_001030.jpg,20,7,3,4,3
seq_001053.jpg,18,6,6,3,0
seq_001049.jpg,21,6,6,3,0
seq_001052.jpg,19,9,5,2,0
seq_001047.jpg,19,4,5,2,0
seq_001036.jpg,27,5,8,5,1
seq_001023.jpg,22,5,4,4,0
seq_001037.jpg,26,7,7,3,3
seq_001025.jpg,24,7,5,4,2
seq_001032.jpg,22,6,4,2,4
seq_001033.jpg,24,6,4,1,0
seq_001043.jpg,22,7,4,1,6
seq_001029.jpg,23,5,6,5,5
seq_001050.jpg,17,7,6,2,0
seq_001024.jpg,24,7,4,5,0
seq_001035.jpg,25,4,4,5,0
seq_001034.jpg,25,5,5,5,0
seq_001026.jpg,21,6,6,3,1
seq_001078.jpg,21,7,1,3,5
seq_001058.jpg,21,5,2,7,0
seq_001062.jpg,17,7,4,4,0
seq_001060.jpg,20,8,5,5,0
seq_001069.jpg,16,3,3,4,1
seq_001059.jpg,22,8,3,7,0
seq_001077.jpg,23,11,2,3,3
seq_001072.jpg,21,6,3,4,1
seq_001065.jpg,17,7,4,4,0
seq_001074.jpg,21,10,1,2,1
seq_001086.jpg,18,5,4,6,0
seq_001081.jpg,19,2,5,3,4
seq_001054.jpg,19,6,5,3,2
seq_001085.jpg,19,5,4,5,1
seq_001079.jpg,24,7,1,3,5
seq_001080.jpg,19,3,1,4,5
seq_001063.jpg,19,8,5,4,0
seq_001071.jpg,19,3,4,5,2
seq_001055.jpg,22,7,5,3,2
seq_001061.jpg,22,9,6,5,0
seq_001070.jpg,18,3,4,5,2
seq_001064.jpg,14,7,4,2,0
seq_001075.jpg,18,8,1,3,1
seq_001082.jpg,22,4,6,6,3
seq_001076.jpg,22,11,2,3,2
seq_001067.jpg,17,4,5,3,0
seq_001068.jpg,19,5,5,3,1
seq_001066.jpg,15,6,3,4,0
seq_001056.jpg,20,5,4,4,2
seq_001083.jpg,19,3,4,5,2
seq_001084.jpg,19,3,5,6,1
seq_001073.jpg,21,9,0,3,0
seq_001057.jpg,20,4,4,5,0
seq_001113.jpg,25,5,9,6,1
seq_001094.jpg,18,5,3,3,0
seq_001114.jpg,21,4,6,6,1
seq_001099.jpg,17,6,2,3,4
seq_001098.jpg,18,5,2,3,4
seq_001109.jpg,18,4,3,3,1
seq_001087.jpg,20,10,3,4,0
seq_001105.jpg,20,2,0,5,6
seq_001092.jpg,18,6,2,5,0
seq_001107.jpg,19,4,0,4,5
seq_001110.jpg,20,3,3,5,0
seq_001093.jpg,19,6,2,5,0
seq_001106.jpg,22,5,1,4,6
seq_001108.jpg,18,5,0,3,3
seq_001101.jpg,18,5,2,3,6
seq_001116.jpg,20,3,7,5,1
seq_001091.jpg,19,6,1,5,0
seq_001115.jpg,21,3,8,5,1
seq_001103.jpg,21,5,0,4,4
seq_001088.jpg,16,3,4,5,0
seq_001095.jpg,16,2,4,2,1
seq_001112.jpg,21,5,6,4,0
seq_001111.jpg,21,4,4,5,0
seq_001096.jpg,17,3,5,2,3
seq_001102.jpg,19,4,1,3,7
seq_001097.jpg,17,6,3,2,2
seq_001104.jpg,16,4,0,2,2
seq_001090.jpg,18,4,4,4,0
seq_001089.jpg,16,2,4,5,1
seq_001100.jpg,16,4,2,3,5
seq_001137.jpg,17,4,3,1,5
seq_001121.jpg,21,3,5,4,1
seq_001127.jpg,20,5,3,3,4
seq_001134.jpg,18,9,1,4,2
seq_001131.jpg,19,9,3,3,2
seq_001117.jpg,19,3,6,7,1
seq_001124.jpg,16,3,2,5,2
seq_001125.jpg,18,3,4,4,1
seq_001122.jpg,19,3,7,5,1
seq_001135.jpg,15,4,1,4,3
seq_001119.jpg,21,7,5,2,1
seq_001118.jpg,19,6,3,8,1
seq_001140.jpg,17,5,2,3,5
seq_001138.jpg,17,4,3,2,5
seq_001136.jpg,19,6,2,4,4
seq_001129.jpg,20,9,3,4,3
seq_001120.jpg,21,5,5,2,1
seq_001139.jpg,17,6,4,2,3
seq_001130.jpg,18,7,1,4,4
seq_001133.jpg,14,5,2,4,1
seq_001132.jpg,19,7,3,4,2
seq_001128.jpg,20,6,4,3,4
seq_001126.jpg,18,3,5,3,0
seq_001123.jpg,19,3,5,7,2
seq_001156.jpg,23,9,5,4,2
seq_001154.jpg,21,6,6,2,0
seq_001165.jpg,22,5,3,6,0
seq_001158.jpg,22,6,5,3,2
seq_001147.jpg,24,7,4,2,2
seq_001144.jpg,20,7,1,2,4
seq_001157.jpg,21,8,5,2,2
seq_001142.jpg,21,6,2,3,5
seq_001164.jpg,21,6,5,3,0
seq_001150.jpg,23,3,7,4,3
seq_001149.jpg,25,7,7,2,2
seq_001159.jpg,18,5,3,2,2
seq_001141.jpg,23,8,2,3,8
seq_001163.jpg,17,4,2,2,1
seq_001146.jpg,23,10,5,2,1
seq_001160.jpg,18,6,3,3,0
seq_001162.jpg,18,4,2,6,1
seq_001148.jpg,23,4,5,5,2
seq_001161.jpg,20,5,3,7,1
seq_001152.jpg,25,8,5,3,1
seq_001145.jpg,23,8,3,2,3
seq_001143.jpg,23,8,1,2,8
seq_001153.jpg,23,5,6,2,1
seq_001155.jpg,21,6,4,3,2
seq_001151.jpg,28,8,6,6,2
seq_001189.jpg,18,6,4,5,1
seq_001190.jpg,21,8,5,4,1
seq_001187.jpg,24,6,7,5,0
seq_001167.jpg,24,10,5,4,0
seq_001181.jpg,15,3,0,3,2
seq_001194.jpg,20,3,3,3,2
seq_001177.jpg,21,3,0,7,6
seq_001168.jpg,25,8,7,3,0
seq_001166.jpg,22,9,4,4,0
seq_001186.jpg,17,3,5,3,0
seq_001180.jpg,17,2,0,3,5
seq_001193.jpg,23,3,4,2,4
seq_001188.jpg,23,7,7,6,0
seq_001195.jpg,21,4,3,2,6
seq_001179.jpg,19,3,0,7,4
seq_001184.jpg,19,7,4,2,0
seq_001192.jpg,21,6,7,3,0
seq_001182.jpg,15,4,1,4,0
seq_001173.jpg,23,6,4,4,0
seq_001196.jpg,18,3,3,6,5
seq_001178.jpg,18,2,0,6,6
seq_001185.jpg,21,5,6,4,0
seq_001175.jpg,23,4,2,3,3
seq_001176.jpg,20,2,1,3,3
seq_001170.jpg,24,7,7,2,0
seq_001174.jpg,25,7,3,3,1
seq_001172.jpg,24,7,6,5,0
seq_001191.jpg,20,6,6,4,1
seq_001171.jpg,23,8,4,5,0
seq_001169.jpg,22,5,6,3,1
seq_001183.jpg,18,7,1,3,1
seq_001221.jpg,23,5,5,8,2
seq_001211.jpg,18,3,3,4,3
seq_001201.jpg,20,5,5,3,1
seq_001223.jpg,20,6,5,5,2
seq_001217.jpg,15,7,2,4,0
seq_001216.jpg,16,6,3,4,0
seq_001204.jpg,19,1,4,2,0
seq_001207.jpg,19,1,7,5,1
seq_001222.jpg,21,5,5,6,2
seq_001229.jpg,19,5,2,6,0
seq_001203.jpg,21,5,6,3,1
seq_001213.jpg,19,7,3,4,4
seq_001218.jpg,19,5,3,6,0
seq_001197.jpg,20,5,2,3,5
seq_001208.jpg,18,1,7,5,3
seq_001225.jpg,23,7,5,4,0
seq_001202.jpg,20,5,5,3,1
seq_001200.jpg,19,5,2,3,3
seq_001209.jpg,21,5,4,3,3
seq_001205.jpg,20,0,5,3,0
seq_001226.jpg,21,7,4,3,0
seq_001214.jpg,21,8,4,3,4
seq_001224.jpg,23,8,5,5,2
seq_001220.jpg,22,8,5,6,0
seq_001219.jpg,15,5,2,4,0
seq_001199.jpg,22,6,4,3,4
seq_001227.jpg,22,5,1,6,0
seq_001210.jpg,22,7,3,3,3
seq_001198.jpg,19,4,4,3,5
seq_001212.jpg,20,5,5,4,4
seq_001228.jpg,20,4,3,4,4
seq_001206.jpg,22,0,5,4,1
seq_001215.jpg,22,9,3,4,3
seq_001255.jpg,20,9,0,4,3
seq_001249.jpg,19,3,0,3,2
seq_001261.jpg,17,4,2,3,2
seq_001257.jpg,17,7,2,3,1
seq_001247.jpg,18,8,0,6,0
seq_001238.jpg,21,5,3,6,0
seq_001241.jpg,21,10,4,4,0
seq_001234.jpg,19,7,0,6,3
seq_001250.jpg,17,3,1,4,2
seq_001244.jpg,19,7,2,4,0
seq_001237.jpg,24,6,5,5,0
seq_001236.jpg,25,8,6,5,0
seq_001263.jpg,16,6,0,0,1
seq_001233.jpg,25,9,1,5,4
seq_001254.jpg,21,7,1,4,3
seq_001232.jpg,25,10,0,4,4
seq_001239.jpg,23,7,4,6,0
seq_001260.jpg,18,5,4,4,2
seq_001253.jpg,19,5,1,4,3
seq_001259.jpg,21,8,4,5,2
seq_001248.jpg,18,4,1,3,0
seq_001258.jpg,21,11,2,3,1
seq_001245.jpg,20,6,2,4,1
seq_001242.jpg,22,9,2,4,0
seq_001235.jpg,20,7,3,6,0
seq_001243.jpg,19,5,3,4,0
seq_001231.jpg,24,11,0,4,6
seq_001230.jpg,21,9,1,4,3
seq_001240.jpg,23,10,4,6,0
seq_001264.jpg,17,7,1,1,1
seq_001246.jpg,19,6,1,4,0
seq_001252.jpg,18,3,0,6,3
seq_001256.jpg,19,8,1,3,2
seq_001262.jpg,20,6,2,2,1
seq_001251.jpg,17,3,1,5,1
seq_001268.jpg,20,6,3,4,3
seq_001279.jpg,26,11,7,0,1
seq_001272.jpg,23,13,0,4,1
seq_001286.jpg,21,9,3,2,4
seq_001285.jpg,25,5,3,7,5
seq_001273.jpg,18,8,1,3,1
seq_001283.jpg,20,4,3,4,3
seq_001280.jpg,25,10,4,2,1
seq_001275.jpg,22,7,8,0,2
seq_001269.jpg,21,8,4,2,2
seq_001271.jpg,24,10,1,3,2
seq_001278.jpg,28,10,8,2,1
seq_001277.jpg,24,7,8,2,2
seq_001274.jpg,20,10,3,1,2
seq_001290.jpg,23,7,4,2,3
seq_001282.jpg,26,7,5,6,0
seq_001284.jpg,22,6,5,5,4
seq_001289.jpg,22,5,4,2,3
seq_001288.jpg,18,6,5,1,3
seq_001265.jpg,20,10,3,3,0
seq_001281.jpg,23,7,4,3,0
seq_001270.jpg,20,4,3,4,2
seq_001267.jpg,21,9,2,2,3
seq_001287.jpg,23,9,5,3,5
seq_001266.jpg,17,8,2,3,1
seq_001276.jpg,25,9,5,0,3
seq_001313.jpg,24,8,5,2,4
seq_001307.jpg,18,4,5,2,6
seq_001296.jpg,20,5,5,1,6
seq_001295.jpg,22,5,5,2,6
seq_001316.jpg,21,10,3,3,0
seq_001308.jpg,19,6,3,1,5
seq_001299.jpg,23,5,5,1,6
seq_001294.jpg,17,4,4,1,3
seq_001300.jpg,21,6,7,1,4
seq_001312.jpg,26,10,4,3,5
seq_001297.jpg,20,6,4,1,5
seq_001301.jpg,20,3,9,1,2
seq_001311.jpg,19,7,2,1,5
seq_001309.jpg,23,6,4,1,7
seq_001303.jpg,19,5,7,1,0
seq_001310.jpg,24,7,3,1,5
seq_001302.jpg,23,6,9,1,2
seq_001304.jpg,22,8,6,1,1
seq_001306.jpg,19,4,7,2,4
seq_001292.jpg,18,6,2,2,0
seq_001315.jpg,22,8,3,3,3
seq_001305.jpg,23,7,6,2,3
seq_001298.jpg,22,5,4,2,7
seq_001314.jpg,24,9,5,2,2
seq_001293.jpg,18,5,2,1,3
seq_001291.jpg,21,5,3,3,2
seq_001334.jpg,17,6,7,2,0
seq_001326.jpg,23,8,5,3,0
seq_001345.jpg,17,6,4,2,1
seq_001339.jpg,17,4,7,2,0
seq_001332.jpg,17,4,6,4,1
seq_001342.jpg,17,8,5,2,0
seq_001338.jpg,15,2,5,3,0
seq_001317.jpg,23,8,5,3,0
seq_001320.jpg,21,8,6,5,1
seq_001327.jpg,23,10,6,3,0
seq_001335.jpg,15,5,6,2,0
seq_001318.jpg,23,9,6,2,0
seq_001337.jpg,17,4,5,3,3
seq_001333.jpg,20,5,7,5,1
seq_001328.jpg,22,6,6,2,0
seq_001319.jpg,21,10,3,3,0
seq_001325.jpg,25,10,6,2,0
seq_001324.jpg,24,8,7,3,0
seq_001343.jpg,21,10,6,2,0
seq_001336.jpg,15,5,3,4,0
seq_001329.jpg,19,7,2,6,0
seq_001341.jpg,15,5,4,2,0
seq_001323.jpg,24,5,8,2,0
seq_001330.jpg,16,4,4,3,0
seq_001321.jpg,21,7,6,5,0
seq_001331.jpg,16,4,3,7,1
seq_001322.jpg,23,7,7,3,0
seq_001344.jpg,20,10,4,2,0
seq_001340.jpg,16,4,4,2,0
seq_001371.jpg,19,4,4,1,0
seq_001355.jpg,23,6,4,3,4
seq_001369.jpg,20,7,5,1,2
seq_001373.jpg,13,3,3,3,1
seq_001361.jpg,18,3,7,0,2
seq_001365.jpg,20,6,4,3,3
seq_001360.jpg,17,4,4,1,1
seq_001364.jpg,19,6,6,0,3
seq_001374.jpg,14,4,2,3,1
seq_001348.jpg,17,6,4,2,1
seq_001357.jpg,21,7,5,3,3
seq_001349.jpg,16,3,4,2,2
seq_001358.jpg,19,3,7,3,2
seq_001363.jpg,19,4,6,0,2
seq_001367.jpg,19,10,5,1,2
seq_001351.jpg,19,3,5,2,3
seq_001359.jpg,21,6,6,2,1
seq_001347.jpg,17,6,3,2,1
seq_001372.jpg,13,2,2,2,2
seq_001352.jpg,20,3,5,4,3
seq_001370.jpg,15,3,2,1,2
seq_001346.jpg,17,6,4,2,0
seq_001353.jpg,19,2,5,4,3
seq_001356.jpg,21,7,3,3,4
seq_001350.jpg,19,6,5,2,2
seq_001354.jpg,21,4,4,2,3
seq_001368.jpg,18,9,4,1,2
seq_001366.jpg,21,8,3,5,1
seq_001362.jpg,19,2,7,1,1
seq_001380.jpg,18,2,5,1,3
seq_001396.jpg,19,9,1,1,2
seq_001383.jpg,19,9,2,1,2
seq_001400.jpg,20,10,1,1,2
seq_001375.jpg,16,5,3,3,1
seq_001404.jpg,19,5,2,4,2
seq_001397.jpg,18,10,1,1,3
seq_001405.jpg,22,7,3,1,2
seq_001394.jpg,18,8,5,1,2
seq_001388.jpg,22,4,6,2,2
seq_001381.jpg,22,10,4,1,2
seq_001390.jpg,22,6,3,2,5
seq_001378.jpg,11,3,2,2,2
seq_001379.jpg,16,5,4,1,2
seq_001395.jpg,20,10,4,2,2
seq_001398.jpg,17,11,0,1,1
seq_001393.jpg,22,6,9,3,3
seq_001385.jpg,18,3,4,3,3
seq_001401.jpg,23,12,2,0,2
seq_001387.jpg,24,4,7,4,2
seq_001389.jpg,17,3,4,2,2
seq_001384.jpg,18,8,2,1,2
seq_001376.jpg,13,3,2,3,2
seq_001382.jpg,21,10,3,1,5
seq_001399.jpg,15,8,0,1,3
seq_001403.jpg,21,7,2,2,3
seq_001402.jpg,21,10,1,1,2
seq_001377.jpg,13,2,2,3,3
seq_001386.jpg,20,5,4,3,2
seq_001391.jpg,21,4,9,1,4
seq_001392.jpg,22,7,8,0,2
seq_001418.jpg,23,8,2,4,1
seq_001426.jpg,24,8,4,0,2
seq_001410.jpg,17,6,1,3,2
seq_001424.jpg,23,8,4,1,0
seq_001416.jpg,24,11,5,1,3
seq_001413.jpg,18,6,3,2,3
seq_001427.jpg,21,7,5,2,3
seq_001414.jpg,20,10,3,1,2
seq_001407.jpg,24,9,1,4,2
seq_001428.jpg,23,6,4,7,3
seq_001412.jpg,21,10,2,2,2
seq_001406.jpg,21,5,2,3,3
seq_001408.jpg,24,4,1,6,2
seq_001417.jpg,24,8,4,4,2
seq_001420.jpg,24,9,4,3,3
seq_001415.jpg,21,10,3,2,3
seq_001425.jpg,20,6,3,0,0
seq_001423.jpg,23,6,7,1,1
seq_001419.jpg,21,8,2,3,2
seq_001430.jpg,23,8,1,3,4
seq_001434.jpg,21,8,2,2,2
seq_001435.jpg,18,6,0,2,4
seq_001422.jpg,20,5,4,4,2
seq_001432.jpg,21,5,5,2,3
seq_001433.jpg,21,7,4,1,2
seq_001421.jpg,19,5,5,4,3
seq_001409.jpg,18,5,1,3,2
seq_001431.jpg,22,5,5,2,3
seq_001429.jpg,19,5,3,4,4
seq_001411.jpg,18,8,1,2,2
seq_001458.jpg,24,6,6,2,5
seq_001459.jpg,26,6,7,3,6
seq_001443.jpg,19,8,5,1,1
seq_001446.jpg,23,9,3,4,2
seq_001460.jpg,22,4,5,5,1
seq_001436.jpg,19,6,1,1,4
seq_001437.jpg,19,3,2,1,5
seq_001450.jpg,26,8,4,3,4
seq_001439.jpg,20,7,2,1,3
seq_001447.jpg,20,7,3,4,1
seq_001456.jpg,27,10,6,1,3
seq_001451.jpg,23,4,5,2,5
seq_001441.jpg,21,4,6,2,2
seq_001442.jpg,23,5,8,2,4
seq_001464.jpg,24,7,4,1,1
seq_001463.jpg,24,9,5,1,1
seq_001457.jpg,25,6,7,1,5
seq_001461.jpg,22,5,7,3,1
seq_001438.jpg,20,1,2,2,5
seq_001448.jpg,22,8,2,4,3
seq_001462.jpg,25,7,8,2,1
seq_001449.jpg,20,6,3,1,3
seq_001444.jpg,19,7,6,1,0
seq_001453.jpg,25,6,5,1,2
seq_001445.jpg,21,8,3,3,0
seq_001440.jpg,21,5,4,2,2
seq_001454.jpg,27,10,5,1,2
seq_001452.jpg,25,7,5,0,4
seq_001455.jpg,24,7,5,1,1
seq_001489.jpg,20,5,2,3,0
seq_001465.jpg,24,10,2,1,2
seq_001483.jpg,19,9,3,0,4
seq_001467.jpg,20,9,1,1,5
seq_001475.jpg,23,0,7,6,6
seq_001485.jpg,22,12,3,1,2
seq_001484.jpg,21,10,4,1,1
seq_001470.jpg,21,12,1,2,1
seq_001491.jpg,22,8,3,5,1
seq_001468.jpg,18,6,3,1,5
seq_001488.jpg,25,10,2,3,2
seq_001469.jpg,21,10,4,1,3
seq_001492.jpg,18,6,3,4,2
seq_001477.jpg,14,0,2,0,6
seq_001487.jpg,20,7,2,3,1
seq_001482.jpg,16,7,0,0,4
seq_001476.jpg,16,1,3,1,4
seq_001471.jpg,22,6,2,4,1
seq_001473.jpg,19,1,5,3,2
seq_001479.jpg,20,6,2,3,3
seq_001490.jpg,24,9,3,5,0
seq_001478.jpg,14,2,2,0,3
seq_001481.jpg,19,7,0,1,4
seq_001466.jpg,19,8,0,1,6
seq_001474.jpg,16,0,3,5,2
seq_001486.jpg,17,8,3,1,1
seq_001472.jpg,20,4,3,3,2
seq_001480.jpg,17,6,1,1,3
seq_001502.jpg,26,9,5,1,7
seq_001496.jpg,19,8,1,2,0
seq_001495.jpg,20,9,2,2,0
seq_001509.jpg,23,4,3,1,5
seq_001510.jpg,28,8,6,2,4
seq_001505.jpg,26,10,5,4,3
seq_001499.jpg,22,7,3,2,2
seq_001506.jpg,27,9,5,2,4
seq_001498.jpg,21,9,4,3,1
seq_001504.jpg,26,8,6,1,6
seq_001500.jpg,23,8,5,1,2
seq_001497.jpg,19,6,2,3,1
seq_001503.jpg,26,8,4,1,8
seq_001507.jpg,23,5,3,1,3
seq_001511.jpg,24,6,5,2,2
seq_001501.jpg,26,8,7,1,5
seq_001494.jpg,17,9,1,1,2
seq_001493.jpg,19,9,1,3,2
seq_001508.jpg,22,3,1,1,4
seq_001522.jpg,20,6,4,2,0
seq_001519.jpg,24,10,4,2,0
seq_001535.jpg,20,3,6,2,3
seq_001523.jpg,20,6,6,1,2
seq_001516.jpg,22,6,10,0,3
seq_001534.jpg,20,4,4,1,3
seq_001539.jpg,23,6,1,4,3
seq_001517.jpg,27,11,9,1,2
seq_001531.jpg,20,6,6,1,1
seq_001536.jpg,22,6,5,1,5
seq_001513.jpg,25,9,7,3,3
seq_001528.jpg,20,9,5,2,2
seq_001532.jpg,21,6,6,1,1
seq_001527.jpg,20,2,8,2,2
seq_001538.jpg,21,6,0,4,2
seq_001520.jpg,22,8,5,1,0
seq_001521.jpg,20,7,5,1,0
seq_001530.jpg,22,9,6,1,2
seq_001524.jpg,19,3,4,3,2
seq_001512.jpg,25,6,6,4,1
seq_001533.jpg,22,7,5,1,3
seq_001518.jpg,24,10,8,1,1
seq_001537.jpg,21,6,2,1,6
seq_001526.jpg,21,3,7,0,2
seq_001529.jpg,21,9,6,2,1
seq_001515.jpg,20,7,7,1,2
seq_001514.jpg,27,9,9,1,3
seq_001525.jpg,20,5,5,1,2
seq_001542.jpg,20,5,4,1,4
seq_001540.jpg,26,9,2,2,5
seq_001563.jpg,22,7,2,2,5
seq_001543.jpg,20,5,5,3,3
seq_001566.jpg,22,9,3,0,4
seq_001549.jpg,22,7,7,1,2
seq_001568.jpg,23,10,4,1,3
seq_001567.jpg,24,9,4,0,3
seq_001550.jpg,25,6,5,5,1
seq_001564.jpg,21,8,3,0,4
seq_001546.jpg,25,7,8,1,7
seq_001553.jpg,27,9,6,2,2
seq_001544.jpg,25,6,5,4,7
seq_001554.jpg,24,10,7,1,3
seq_001558.jpg,27,10,5,2,2
seq_001552.jpg,24,6,5,3,2
seq_001562.jpg,24,6,4,1,4
seq_001559.jpg,27,7,3,1,2
seq_001569.jpg,22,8,4,1,3
seq_001561.jpg,23,7,4,0,3
seq_001556.jpg,27,9,8,1,5
seq_001551.jpg,25,7,4,4,1
seq_001547.jpg,21,5,7,0,5
seq_001565.jpg,21,9,3,0,3
seq_001545.jpg,23,6,5,1,8
seq_001555.jpg,25,6,10,1,3
seq_001548.jpg,24,7,8,2,3
seq_001560.jpg,25,6,3,3,4
seq_001557.jpg,24,7,6,1,4
seq_001541.jpg,20,4,2,1,5
seq_001595.jpg,18,7,0,1,3
seq_001600.jpg,20,6,2,5,3
seq_001601.jpg,21,8,4,4,2
seq_001584.jpg,20,5,8,3,1
seq_001589.jpg,21,6,6,2,1
seq_001597.jpg,16,4,2,1,2
seq_001585.jpg,21,8,8,1,2
seq_001587.jpg,20,6,4,2,2
seq_001573.jpg,13,4,2,1,3
seq_001598.jpg,24,7,3,3,3
seq_001594.jpg,21,9,2,0,5
seq_001586.jpg,22,7,5,2,3
seq_001576.jpg,15,1,3,1,5
seq_001596.jpg,20,8,2,2,1
seq_001583.jpg,21,6,9,2,1
seq_001571.jpg,17,7,3,1,2
seq_001592.jpg,19,6,3,3,6
seq_001575.jpg,16,3,3,2,4
seq_001591.jpg,19,6,4,2,6
seq_001579.jpg,18,3,5,2,1
seq_001582.jpg,22,7,5,1,3
seq_001577.jpg,15,1,4,1,3
seq_001578.jpg,20,3,7,1,3
seq_001580.jpg,21,4,6,2,1
seq_001572.jpg,12,3,3,1,1
seq_001590.jpg,18,3,4,2,6
seq_001593.jpg,17,5,3,0,4
seq_001581.jpg,18,4,5,2,1
seq_001602.jpg,22,9,1,3,2
seq_001570.jpg,18,9,3,0,0
seq_001599.jpg,19,5,2,6,2
seq_001588.jpg,20,5,4,1,2
seq_001574.jpg,15,3,3,2,3
seq_001623.jpg,23,8,3,4,2
seq_001611.jpg,23,8,1,5,3
seq_001606.jpg,23,7,2,4,5
seq_001607.jpg,22,8,2,4,4
seq_001621.jpg,20,6,3,5,0
seq_001619.jpg,23,7,5,5,1
seq_001626.jpg,21,9,3,5,1
seq_001612.jpg,22,6,5,5,1
seq_001616.jpg,19,3,6,4,2
seq_001620.jpg,23,8,4,4,1
seq_001622.jpg,19,7,2,5,0
seq_001625.jpg,25,9,5,6,1
seq_001603.jpg,24,8,1,6,1
seq_001605.jpg,23,8,4,4,2
seq_001628.jpg,21,6,6,1,1
seq_001614.jpg,21,4,6,5,2
seq_001618.jpg,18,6,3,4,2
seq_001604.jpg,25,9,4,5,2
seq_001617.jpg,20,6,4,4,2
seq_001627.jpg,24,7,6,5,1
seq_001609.jpg,22,6,2,4,5
seq_001608.jpg,22,9,1,4,7
seq_001615.jpg,20,3,6,7,1
seq_001610.jpg,22,7,1,4,3
seq_001624.jpg,18,4,4,3,1
seq_001613.jpg,20,4,7,5,0
seq_001629.jpg,24,8,5,3,1
seq_001656.jpg,17,6,3,1,1
seq_001661.jpg,24,9,4,3,1
seq_001651.jpg,18,2,2,3,4
seq_001635.jpg,22,8,5,2,2
seq_001637.jpg,25,7,3,4,1
seq_001655.jpg,21,5,3,3,3
seq_001642.jpg,22,4,8,4,0
seq_001630.jpg,22,6,6,4,0
seq_001634.jpg,21,7,4,2,2
seq_001649.jpg,30,5,8,7,4
seq_001639.jpg,20,5,4,1,4
seq_001650.jpg,26,4,6,4,6
seq_001663.jpg,22,7,8,2,1
seq_001643.jpg,22,4,6,5,0
seq_001641.jpg,25,4,8,4,2
seq_001657.jpg,15,6,0,4,1
seq_001662.jpg,22,7,4,4,1
seq_001645.jpg,24,6,6,7,2
seq_001644.jpg,24,5,9,4,1
seq_001648.jpg,29,6,6,6,1
seq_001640.jpg,21,6,4,4,2
seq_001654.jpg,20,6,2,3,6
seq_001653.jpg,22,8,2,2,5
seq_001658.jpg,20,3,1,5,5
seq_001652.jpg,24,8,2,2,6
seq_001660.jpg,24,6,5,5,2
seq_001646.jpg,21,4,4,5,2
seq_001647.jpg,28,6,6,6,2
seq_001636.jpg,24,10,3,2,3
seq_001638.jpg,22,6,4,2,1
seq_001631.jpg,21,7,5,2,0
seq_001632.jpg,23,7,4,2,1
seq_001633.jpg,22,6,5,3,2
seq_001659.jpg,22,7,3,6,3
seq_001687.jpg,19,6,3,2,3
seq_001679.jpg,22,5,2,1,2
seq_001684.jpg,25,8,5,4,1
seq_001678.jpg,18,4,3,0,1
seq_001664.jpg,22,5,6,3,2
seq_001673.jpg,24,4,3,4,8
seq_001693.jpg,16,2,2,2,5
seq_001667.jpg,21,3,7,3,2
seq_001665.jpg,26,6,7,3,2
seq_001668.jpg,21,3,6,4,3
seq_001682.jpg,21,8,5,2,1
seq_001675.jpg,19,3,4,3,7
seq_001694.jpg,16,3,0,3,5
seq_001671.jpg,21,3,3,4,7
seq_001692.jpg,17,3,1,1,3
seq_001680.jpg,20,4,4,2,1
seq_001690.jpg,13,6,0,0,1
seq_001695.jpg,15,3,0,3,4
seq_001685.jpg,22,9,3,1,2
seq_001691.jpg,12,1,1,0,2
seq_001688.jpg,15,2,3,1,3
seq_001676.jpg,18,3,4,3,1
seq_001672.jpg,19,2,1,3,7
seq_001669.jpg,20,4,3,4,2
seq_001670.jpg,22,5,4,4,3
seq_001696.jpg,14,2,1,2,3
seq_001666.jpg,21,4,6,3,0
seq_001686.jpg,20,10,3,1,2
seq_001674.jpg,20,1,4,3,8
seq_001677.jpg,17,3,2,1,0
seq_001681.jpg,21,8,5,2,2
seq_001689.jpg,18,5,2,0,2
seq_001683.jpg,21,7,5,3,1
seq_001697.jpg,12,1,1,2,1
seq_001700.jpg,15,5,0,2,2
seq_001714.jpg,24,7,2,7,0
seq_001713.jpg,23,5,2,7,0
seq_001702.jpg,13,4,1,1,3
seq_001718.jpg,22,8,2,5,2
seq_001701.jpg,15,4,1,2,3
seq_001727.jpg,17,5,2,4,1
seq_001706.jpg,19,3,0,7,4
seq_001725.jpg,14,5,0,3,1
seq_001722.jpg,21,8,1,6,0
seq_001705.jpg,17,5,0,6,2
seq_001715.jpg,24,6,2,7,1
seq_001710.jpg,21,3,2,6,3
seq_001704.jpg,17,5,2,3,3
seq_001703.jpg,15,6,2,2,1
seq_001711.jpg,20,3,2,5,1
seq_001712.jpg,22,4,2,7,1
seq_001698.jpg,13,4,1,2,0
seq_001709.jpg,21,3,3,5,4
seq_001719.jpg,21,8,2,4,2
seq_001699.jpg,10,3,1,2,0
seq_001708.jpg,22,4,0,7,5
seq_001726.jpg,14,4,0,3,1
seq_001721.jpg,24,8,2,5,1
seq_001707.jpg,19,2,1,6,5
seq_001717.jpg,23,10,1,4,2
seq_001724.jpg,19,8,1,3,1
seq_001723.jpg,18,4,2,5,0
seq_001716.jpg,24,5,3,4,3
seq_001720.jpg,26,10,2,5,2
seq_001733.jpg,17,6,1,3,1
seq_001750.jpg,17,3,0,2,1
seq_001744.jpg,25,8,6,5,1
seq_001757.jpg,21,6,3,4,2
seq_001754.jpg,18,3,3,6,0
seq_001732.jpg,16,6,1,4,1
seq_001751.jpg,18,3,0,3,1
seq_001737.jpg,17,7,2,2,1
seq_001756.jpg,19,5,2,4,2
seq_001749.jpg,21,6,1,2,0
seq_001735.jpg,18,8,1,4,1
seq_001742.jpg,21,6,2,4,0
seq_001752.jpg,21,4,3,3,1
seq_001748.jpg,21,9,1,1,4
seq_001753.jpg,20,2,2,7,0
seq_001755.jpg,20,4,0,9,1
seq_001736.jpg,18,7,1,4,0
seq_001747.jpg,24,13,2,1,4
seq_001740.jpg,21,7,2,3,0
seq_001738.jpg,16,6,2,2,3
seq_001746.jpg,22,9,3,1,4
seq_001729.jpg,22,7,5,5,2
seq_001731.jpg,21,7,2,6,3
seq_001734.jpg,17,6,1,4,1
seq_001728.jpg,23,5,7,4,3
seq_001741.jpg,20,7,2,1,0
seq_001745.jpg,25,10,3,2,3
seq_001739.jpg,18,5,1,1,3
seq_001743.jpg,21,7,4,4,0
seq_001730.jpg,18,6,3,3,2
seq_001783.jpg,23,11,3,2,1
seq_001758.jpg,19,3,2,5,3
seq_001760.jpg,23,4,4,5,4
seq_001770.jpg,21,12,1,1,3
seq_001779.jpg,23,9,3,3,2
seq_001772.jpg,24,11,1,3,3
seq_001776.jpg,20,9,2,3,0
seq_001759.jpg,22,3,4,6,2
seq_001773.jpg,24,8,4,2,0
seq_001775.jpg,23,9,2,7,0
seq_001767.jpg,23,9,2,2,3
seq_001780.jpg,20,7,1,2,2
seq_001777.jpg,22,7,2,5,2
seq_001781.jpg,20,7,3,2,2
seq_001768.jpg,27,16,1,2,1
seq_001771.jpg,21,11,2,1,1
seq_001769.jpg,26,16,2,0,3
seq_001762.jpg,23,5,6,3,4
seq_001786.jpg,22,9,1,2,0
seq_001778.jpg,22,8,3,4,1
seq_001785.jpg,22,7,3,3,0
seq_001774.jpg,23,9,4,6,0
seq_001766.jpg,24,11,2,4,3
seq_001765.jpg,20,7,4,1,3
seq_001761.jpg,20,3,6,3,3
seq_001782.jpg,21,7,3,4,2
seq_001764.jpg,22,5,5,1,3
seq_001763.jpg,23,6,7,1,4
seq_001784.jpg,23,7,2,3,1
seq_001803.jpg,26,11,6,2,3
seq_001800.jpg,24,5,7,3,2
seq_001795.jpg,22,3,7,1,5
seq_001792.jpg,19,4,3,0,4
seq_001799.jpg,25,4,7,3,3
seq_001798.jpg,25,1,7,5,3
seq_001787.jpg,20,7,1,2,1
seq_001796.jpg,21,3,7,6,3
seq_001791.jpg,18,7,1,0,6
seq_001801.jpg,24,8,6,2,4
seq_001793.jpg,22,6,5,1,2
seq_001789.jpg,22,12,0,0,7
seq_001794.jpg,19,4,3,1,4
seq_001802.jpg,23,6,5,2,5
seq_001790.jpg,24,12,2,0,7
seq_001788.jpg,19,8,0,1,4
seq_001797.jpg,24,3,8,6,2
seq_001823.jpg,21,5,2,5,4
seq_001807.jpg,22,8,3,6,2
seq_001826.jpg,17,6,0,4,4
seq_001814.jpg,24,9,3,2,5
seq_001818.jpg,18,5,3,3,4
seq_001821.jpg,22,10,1,2,2
seq_001825.jpg,22,8,1,2,5
seq_001819.jpg,17,6,2,3,3
seq_001827.jpg,20,7,1,4,4
seq_001812.jpg,23,8,3,1,5
seq_001809.jpg,20,8,2,3,1
seq_001816.jpg,21,4,4,2,4
seq_001810.jpg,20,6,1,3,4
seq_001805.jpg,24,8,6,4,2
seq_001804.jpg,23,7,6,2,1
seq_001824.jpg,22,8,3,2,5
seq_001811.jpg,20,7,3,1,2
seq_001822.jpg,23,11,1,3,4
seq_001815.jpg,21,4,2,1,6
seq_001808.jpg,22,8,3,6,1
seq_001806.jpg,25,10,7,4,1
seq_001817.jpg,22,7,3,3,3
seq_001813.jpg,24,8,4,2,5
seq_001820.jpg,18,5,2,2,5
seq_001835.jpg,23,6,5,1,6
seq_001832.jpg,23,10,6,3,1
seq_001836.jpg,25,8,5,3,2
seq_001849.jpg,26,6,8,2,3
seq_001843.jpg,27,11,5,3,1
seq_001829.jpg,17,5,3,2,2
seq_001839.jpg,26,10,4,2,2
seq_001830.jpg,18,5,5,1,1
seq_001846.jpg,24,7,6,1,4
seq_001828.jpg,16,5,0,2,4
seq_001850.jpg,23,5,6,2,1
seq_001853.jpg,22,7,8,0,3
seq_001838.jpg,20,3,3,2,2
seq_001834.jpg,23,5,6,4,6
seq_001837.jpg,20,2,5,3,1
seq_001852.jpg,23,7,7,1,2
seq_001833.jpg,22,8,4,4,3
seq_001848.jpg,24,5,5,3,5
seq_001842.jpg,25,7,6,2,3
seq_001847.jpg,22,5,6,1,4
seq_001831.jpg,24,12,5,1,1
seq_001845.jpg,26,6,5,4,3
seq_001840.jpg,22,6,4,2,1
seq_001844.jpg,26,10,5,4,1
seq_001854.jpg,22,9,6,1,4
seq_001855.jpg,21,6,5,2,3
seq_001851.jpg,23,5,7,2,2
seq_001841.jpg,21,7,4,2,1
seq_001856.jpg,24,8,6,1,1
seq_001873.jpg,26,9,4,4,0
seq_001876.jpg,16,4,5,4,1
seq_001872.jpg,21,6,3,2,1
seq_001859.jpg,24,5,10,1,0
seq_001874.jpg,21,5,5,2,0
seq_001883.jpg,25,11,8,1,0
seq_001880.jpg,22,9,7,2,0
seq_001871.jpg,20,7,3,2,1
seq_001875.jpg,16,4,4,3,0
seq_001860.jpg,20,4,8,2,1
seq_001866.jpg,21,8,7,0,4
seq_001865.jpg,21,7,6,2,2
seq_001879.jpg,23,10,5,3,0
seq_001877.jpg,20,3,9,2,1
seq_001857.jpg,25,9,4,1,0
seq_001868.jpg,21,9,7,1,1
seq_001858.jpg,21,5,5,1,1
seq_001878.jpg,23,7,9,1,0
seq_001867.jpg,22,7,9,0,3
seq_001870.jpg,19,6,5,0,1
seq_001862.jpg,19,7,5,3,2
seq_001881.jpg,25,8,9,4,0
seq_001861.jpg,20,6,6,3,2
seq_001864.jpg,23,10,5,1,2
seq_001863.jpg,26,10,9,1,2
seq_001882.jpg,26,13,6,3,0
seq_001869.jpg,20,7,6,2,0
seq_001893.jpg,21,5,4,2,0
seq_001888.jpg,20,8,6,1,1
seq_001902.jpg,20,7,2,2,2
seq_001889.jpg,19,5,5,0,4
seq_001909.jpg,21,4,4,1,4
seq_001896.jpg,22,11,4,1,0
seq_001884.jpg,24,5,6,4,0
seq_001892.jpg,22,6,3,3,1
seq_001899.jpg,22,7,3,0,0
seq_001912.jpg,19,5,3,2,3
seq_001917.jpg,23,10,1,1,5
seq_001911.jpg,22,5,6,2,3
seq_001887.jpg,21,7,6,1,0
seq_001900.jpg,22,7,3,1,0
seq_001904.jpg,20,5,4,1,1
seq_001916.jpg,20,8,1,1,4
seq_001901.jpg,19,6,3,4,2
seq_001886.jpg,23,8,5,2,0
seq_001905.jpg,19,6,4,1,1
seq_001908.jpg,17,4,5,0,3
seq_001910.jpg,23,5,6,2,4
seq_001885.jpg,24,4,7,2,0
seq_001897.jpg,23,11,5,1,0
seq_001890.jpg,22,6,6,1,2
seq_001894.jpg,21,8,4,1,0
seq_001895.jpg,23,10,4,1,0
seq_001913.jpg,21,6,2,3,3
seq_001898.jpg,20,7,3,1,0
seq_001891.jpg,17,5,3,2,1
seq_001914.jpg,21,8,2,1,3
seq_001915.jpg,20,8,1,2,3
seq_001907.jpg,21,5,6,1,3
seq_001906.jpg,21,7,3,1,2
seq_001903.jpg,25,8,3,1,2
seq_001947.jpg,22,6,6,1,0
seq_001928.jpg,18,7,0,4,5
seq_001941.jpg,18,5,6,2,0
seq_001924.jpg,18,8,1,4,0
seq_001945.jpg,17,2,4,2,2
seq_001946.jpg,20,5,7,1,1
seq_001942.jpg,22,8,5,2,1
seq_001940.jpg,24,7,7,3,2
seq_001921.jpg,22,8,1,4,1
seq_001943.jpg,17,4,4,1,1
seq_001938.jpg,17,4,5,2,0
seq_001922.jpg,18,7,1,1,0
seq_001923.jpg,17,8,1,3,0
seq_001944.jpg,16,3,5,1,1
seq_001937.jpg,22,7,4,4,0
seq_001932.jpg,22,11,2,1,1
seq_001918.jpg,23,11,0,2,3
seq_001952.jpg,24,7,4,2,6
seq_001931.jpg,21,8,0,1,3
seq_001948.jpg,22,5,5,1,0
seq_001920.jpg,21,6,0,3,3
seq_001930.jpg,21,7,0,1,2
seq_001950.jpg,17,7,3,1,1
seq_001936.jpg,20,6,4,5,0
seq_001929.jpg,18,7,0,1,2
seq_001951.jpg,22,6,2,2,3
seq_001949.jpg,21,9,4,1,0
seq_001919.jpg,21,9,0,4,3
seq_001934.jpg,19,8,0,3,0
seq_001925.jpg,16,5,1,2,2
seq_001927.jpg,20,7,1,4,4
seq_001939.jpg,19,6,6,1,1
seq_001935.jpg,19,7,1,2,0
seq_001926.jpg,15,4,0,4,2
seq_001933.jpg,20,6,2,1,1
seq_001964.jpg,22,9,6,1,0
seq_001975.jpg,20,8,6,1,2
seq_001969.jpg,18,7,4,1,4
seq_001957.jpg,19,1,7,2,2
seq_001960.jpg,19,4,6,1,0
seq_001979.jpg,20,3,5,0,3
seq_001958.jpg,17,0,5,2,2
seq_001966.jpg,23,9,3,2,2
seq_001954.jpg,19,3,4,3,5
seq_001974.jpg,21,6,9,1,2
seq_001961.jpg,22,9,6,1,0
seq_001972.jpg,25,9,6,1,1
seq_001967.jpg,16,5,3,2,2
seq_001965.jpg,24,7,5,1,2
seq_001970.jpg,19,6,3,1,2
seq_001977.jpg,20,6,6,2,2
seq_001959.jpg,18,2,6,1,0
seq_001956.jpg,21,2,6,2,4
seq_001963.jpg,25,11,9,1,0
seq_001973.jpg,21,7,5,1,3
seq_001971.jpg,19,6,3,2,1
seq_001976.jpg,15,5,5,0,0
seq_001980.jpg,21,4,5,0,2
seq_001978.jpg,20,7,5,1,2
seq_001962.jpg,27,13,7,1,0
seq_001953.jpg,24,7,3,1,6
seq_001955.jpg,19,5,3,2,3
seq_001968.jpg,20,6,5,1,2
seq_001995.jpg,18,6,3,2,0
seq_001997.jpg,16,2,5,2,1
seq_001984.jpg,25,5,7,2,1
seq_001987.jpg,21,7,7,0,1
seq_001996.jpg,15,3,2,2,1
seq_001991.jpg,19,6,8,0,0
seq_001985.jpg,24,6,6,5,1
seq_001989.jpg,16,2,5,3,0
seq_002000.jpg,17,4,7,1,1
seq_001982.jpg,21,5,4,3,2
seq_001992.jpg,17,8,5,0,0
seq_001988.jpg,21,5,7,1,0
seq_001986.jpg,22,3,9,4,1
seq_001994.jpg,20,7,5,1,1
seq_001993.jpg,18,6,4,1,1
seq_001983.jpg,20,6,2,2,1
seq_001990.jpg,18,9,3,2,1
seq_001981.jpg,22,4,7,0,2
seq_001998.jpg,17,0,6,3,1
seq_001999.jpg,16,2,8,2,1
seq_000021.jpg,26,7,7,7,2
seq_000012.jpg,27,10,6,2,5
seq_000014.jpg,28,10,4,6,0
seq_000018.jpg,23,4,7,3,2
seq_000002.jpg,20,7,4,1,2
seq_000001.jpg,20,4,3,1,5
seq_000006.jpg,21,6,5,1,4
seq_000010.jpg,21,4,8,2,3
seq_000019.jpg,25,5,7,3,2
seq_000003.jpg,20,4,4,1,4
seq_000007.jpg,23,8,6,2,3
seq_000009.jpg,20,5,7,1,3
seq_000017.jpg,24,5,7,3,3
seq_000008.jpg,20,6,5,1,3
seq_000015.jpg,30,8,4,4,1
seq_000013.jpg,28,11,5,5,2
seq_000020.jpg,24,8,5,4,2
seq_000004.jpg,22,5,8,1,4
seq_000016.jpg,26,4,5,4,3
seq_000011.jpg,24,7,9,2,3
seq_000005.jpg,22,7,6,1,4
seq_000032.jpg,26,6,6,4,0
seq_000023.jpg,23,4,5,5,5
seq_000029.jpg,23,3,11,3,3
seq_000028.jpg,21,3,7,3,2
seq_000042.jpg,20,12,1,2,4
seq_000024.jpg,23,3,6,4,6
seq_000033.jpg,25,5,6,4,0
seq_000026.jpg,23,5,6,2,5
seq_000040.jpg,20,9,1,1,4
seq_000045.jpg,18,7,1,3,3
seq_000044.jpg,19,10,1,2,3
seq_000025.jpg,24,3,8,2,8
seq_000041.jpg,17,8,1,2,4
seq_000043.jpg,18,10,1,1,4
seq_000046.jpg,16,6,1,1,2
seq_000022.jpg,27,7,8,5,3
seq_000030.jpg,23,4,12,3,0
seq_000038.jpg,20,7,1,1,2
seq_000031.jpg,24,3,10,4,0
seq_000036.jpg,30,12,4,6,4
seq_000034.jpg,23,6,7,4,0
seq_000027.jpg,20,2,5,3,3
seq_000039.jpg,20,6,1,2,4
seq_000035.jpg,25,8,7,5,2
seq_000037.jpg,21,7,1,2,4
seq_000052.jpg,15,9,1,2,1
seq_000056.jpg,15,5,7,3,0
seq_000048.jpg,12,5,1,3,0
seq_000068.jpg,18,8,2,2,1
seq_000066.jpg,21,13,4,2,0
seq_000064.jpg,19,10,3,3,0
seq_000047.jpg,10,4,1,0,0
seq_000055.jpg,11,5,3,2,0
seq_000063.jpg,20,12,4,2,0
seq_000062.jpg,14,7,4,2,0
seq_000050.jpg,11,5,1,0,1
seq_000057.jpg,13,5,6,2,0
seq_000054.jpg,13,5,2,2,0
seq_000069.jpg,19,10,3,3,0
seq_000049.jpg,13,6,1,2,0
seq_000058.jpg,15,6,7,2,0
seq_000051.jpg,11,5,1,1,1
seq_000060.jpg,17,10,5,1,0
seq_000053.jpg,9,4,1,1,0
seq_000065.jpg,17,10,3,3,0
seq_000067.jpg,18,7,2,2,2
seq_000061.jpg,18,9,5,3,0
seq_000059.jpg,17,12,4,1,0
seq_000077.jpg,12,3,2,3,2
seq_000080.jpg,14,3,5,2,2
seq_000082.jpg,9,2,3,3,0
seq_000079.jpg,18,3,8,4,3
seq_000070.jpg,19,7,1,4,1
seq_000074.jpg,18,7,1,5,1
seq_000076.jpg,15,6,3,2,2
seq_000087.jpg,12,5,1,3,1
seq_000086.jpg,11,5,0,3,2
seq_000084.jpg,17,9,3,3,1
seq_000083.jpg,9,3,2,3,0
seq_000085.jpg,12,5,1,4,2
seq_000073.jpg,20,7,3,2,0
seq_000081.jpg,10,1,4,3,0
seq_000078.jpg,14,3,5,3,2
seq_000072.jpg,20,6,3,4,1
seq_000071.jpg,18,7,2,4,1
seq_000075.jpg,22,8,3,4,2
seq_000101.jpg,20,5,3,3,0
seq_000092.jpg,19,12,3,4,0
seq_000102.jpg,19,8,0,3,0
seq_000088.jpg,11,5,1,2,0
seq_000106.jpg,24,8,2,6,5
seq_000105.jpg,23,9,2,3,6
seq_000098.jpg,17,7,3,6,0
seq_000094.jpg,12,6,3,3,0
seq_000091.jpg,16,9,3,3,0
seq_000089.jpg,13,7,1,2,1
seq_000107.jpg,22,7,2,8,4
seq_000095.jpg,14,10,1,3,0
seq_000097.jpg,16,6,3,5,0
seq_000096.jpg,14,8,1,4,0
seq_000093.jpg,14,9,2,3,0
seq_000103.jpg,21,9,0,2,1
seq_000099.jpg,18,5,6,3,1
seq_000104.jpg,21,7,0,3,1
seq_000090.jpg,13,7,1,2,1
seq_000100.jpg,20,5,4,5,1
seq_000122.jpg,20,3,7,4,3
seq_000127.jpg,20,3,4,5,4
seq_000123.jpg,18,3,5,4,4
seq_000121.jpg,20,3,7,5,1
seq_000110.jpg,16,9,3,3,0
seq_000109.jpg,16,5,4,4,2
seq_000108.jpg,18,9,2,5,1
seq_000125.jpg,19,5,4,4,6
seq_000120.jpg,20,3,9,4,1
seq_000113.jpg,18,7,3,4,4
seq_000128.jpg,19,2,4,6,2
seq_000115.jpg,19,3,1,4,3
seq_000111.jpg,16,6,3,3,3
seq_000117.jpg,19,2,1,4,3
seq_000124.jpg,16,3,4,4,5
seq_000112.jpg,17,7,2,4,4
seq_000118.jpg,22,2,6,4,4
seq_000116.jpg,19,3,1,4,0
seq_000119.jpg,20,2,5,4,4
seq_000114.jpg,19,3,4,4,5
seq_000126.jpg,18,4,4,4,3
seq_000131.jpg,20,6,3,7,0
seq_000147.jpg,14,1,3,4,0
seq_000139.jpg,16,3,4,5,0
seq_000159.jpg,13,3,1,4,4
seq_000150.jpg,18,9,4,2,1
seq_000156.jpg,16,8,2,5,0
seq_000137.jpg,24,11,5,4,1
seq_000157.jpg,15,7,1,4,3
seq_000132.jpg,17,6,3,4,0
seq_000138.jpg,17,5,4,4,0
seq_000154.jpg,12,3,4,3,0
seq_000133.jpg,17,6,3,4,3
seq_000146.jpg,16,3,6,4,0
seq_000130.jpg,20,6,5,5,0
seq_000140.jpg,17,1,6,8,0
seq_000155.jpg,10,3,2,3,0
seq_000134.jpg,21,10,4,4,3
seq_000129.jpg,23,6,6,6,1
seq_000158.jpg,15,5,1,4,4
seq_000148.jpg,13,2,3,4,0
seq_000141.jpg,14,1,4,6,1
seq_000135.jpg,20,9,3,4,3
seq_000143.jpg,17,2,5,7,3
seq_000142.jpg,19,3,4,8,2
seq_000153.jpg,12,3,5,4,0
seq_000136.jpg,18,8,2,5,2
seq_000145.jpg,16,2,6,5,1
seq_000144.jpg,18,5,4,6,3
seq_000151.jpg,18,6,6,4,1
seq_000149.jpg,17,4,5,5,0
seq_000152.jpg,17,6,6,3,1
seq_000170.jpg,16,1,7,2,3
seq_000161.jpg,15,4,1,5,5
seq_000169.jpg,14,2,5,2,2
seq_000173.jpg,15,2,8,3,2
seq_000162.jpg,11,0,1,3,3
seq_000163.jpg,14,2,1,4,2
seq_000174.jpg,12,1,5,4,2
seq_000179.jpg,14,8,2,2,0
seq_000160.jpg,13,4,1,3,5
seq_000178.jpg,13,5,3,3,2
seq_000165.jpg,20,4,3,3,1
seq_000171.jpg,11,1,6,2,0
seq_000168.jpg,17,3,3,4,2
seq_000180.jpg,11,2,2,4,1
seq_000172.jpg,14,1,8,2,1
seq_000176.jpg,11,3,3,3,2
seq_000166.jpg,16,3,3,6,1
seq_000167.jpg,17,3,1,4,1
seq_000177.jpg,15,5,3,5,2
seq_000164.jpg,17,3,2,3,2
seq_000175.jpg,10,3,3,2,1
seq_000193.jpg,15,4,4,5,2
seq_000201.jpg,21,9,3,1,4
seq_000185.jpg,17,7,3,2,1
seq_000204.jpg,19,7,5,2,3
seq_000194.jpg,19,4,8,1,2
seq_000182.jpg,17,8,1,3,2
seq_000200.jpg,19,8,2,2,3
seq_000192.jpg,20,9,6,5,0
seq_000181.jpg,17,8,1,4,2
seq_000202.jpg,21,9,5,1,6
seq_000198.jpg,17,7,0,2,2
seq_000183.jpg,15,5,3,4,1
seq_000195.jpg,17,4,3,1,2
seq_000199.jpg,18,8,2,1,3
seq_000188.jpg,20,13,6,0,0
seq_000197.jpg,17,6,3,2,4
seq_000191.jpg,20,9,7,2,0
seq_000186.jpg,21,10,3,2,1
seq_000203.jpg,22,10,6,1,4
seq_000187.jpg,23,14,5,1,0
seq_000184.jpg,20,11,2,4,1
seq_000189.jpg,20,10,8,1,0
seq_000190.jpg,21,9,9,1,0
seq_000196.jpg,19,6,4,1,3
seq_000219.jpg,17,2,7,3,0
seq_000221.jpg,17,6,5,0,0
seq_000212.jpg,15,5,1,3,1
seq_000224.jpg,14,10,2,1,0
seq_000222.jpg,15,7,3,1,0
seq_000218.jpg,18,4,8,3,0
seq_000227.jpg,18,9,4,2,1
seq_000205.jpg,19,9,4,1,3
seq_000211.jpg,15,4,1,2,0
seq_000215.jpg,14,5,3,2,2
seq_000223.jpg,13,9,2,1,0
seq_000213.jpg,10,2,1,3,2
seq_000226.jpg,18,8,3,1,2
seq_000214.jpg,12,5,0,2,2
seq_000216.jpg,16,5,3,3,2
seq_000207.jpg,17,7,4,3,2
seq_000225.jpg,15,10,2,1,0
seq_000217.jpg,16,4,8,1,1
seq_000208.jpg,19,9,4,3,2
seq_000210.jpg,19,5,2,4,2
seq_000220.jpg,18,5,6,1,0
seq_000206.jpg,18,8,6,0,2
seq_000209.jpg,19,7,3,3,2
seq_000244.jpg,15,1,1,2,4
seq_000238.jpg,21,6,9,1,4
seq_000229.jpg,16,4,5,3,2
seq_000248.jpg,13,8,0,1,4
seq_000241.jpg,20,4,6,1,3
seq_000228.jpg,15,5,4,1,2
seq_000236.jpg,15,6,7,1,0
seq_000237.jpg,19,5,10,1,2
seq_000242.jpg,20,2,4,1,2
seq_000247.jpg,13,5,1,2,5
seq_000232.jpg,18,9,4,2,0
seq_000233.jpg,15,7,4,1,1
seq_000243.jpg,13,0,2,1,3
seq_000239.jpg,20,6,10,1,3
seq_000235.jpg,20,11,7,1,1
seq_000246.jpg,13,5,1,3,2
seq_000231.jpg,12,4,3,1,0
seq_000230.jpg,16,5,4,3,2
seq_000245.jpg,15,4,0,4,5
seq_000234.jpg,16,7,5,1,1
seq_000240.jpg,23,8,10,1,2
seq_000249.jpg,10,6,1,1,2
seq_000264.jpg,20,10,5,1,0
seq_000272.jpg,18,4,3,3,3
seq_000251.jpg,13,8,1,1,3
seq_000273.jpg,22,7,5,0,2
seq_000271.jpg,19,7,2,3,3
seq_000252.jpg,11,5,2,1,3
seq_000257.jpg,15,9,1,2,0
seq_000261.jpg,20,7,8,3,0
seq_000254.jpg,13,6,2,1,4
seq_000267.jpg,17,7,1,1,4
seq_000259.jpg,18,5,8,1,0
seq_000265.jpg,17,8,2,1,4
seq_000266.jpg,21,11,2,0,6
seq_000253.jpg,14,7,2,1,4
seq_000258.jpg,13,4,6,1,0
seq_000263.jpg,17,7,3,2,0
seq_000268.jpg,20,8,2,3,4
seq_000256.jpg,11,5,1,1,2
seq_000270.jpg,24,9,3,4,3
seq_000269.jpg,23,8,2,3,6
seq_000255.jpg,11,5,1,1,2
seq_000260.jpg,16,6,5,3,0
seq_000262.jpg,18,7,4,3,0
seq_000250.jpg,9,6,1,1,1
seq_000275.jpg,20,7,7,2,0
seq_000288.jpg,16,6,3,1,4
seq_000283.jpg,19,9,6,2,2
seq_000277.jpg,19,7,7,1,0
seq_000282.jpg,15,5,6,1,2
seq_000284.jpg,16,8,5,1,1
seq_000289.jpg,17,7,2,1,7
seq_000276.jpg,20,9,6,2,0
seq_000290.jpg,16,6,2,1,7
seq_000285.jpg,14,6,5,1,0
seq_000281.jpg,16,4,8,1,2
seq_000287.jpg,17,7,4,1,2
seq_000292.jpg,16,8,3,1,2
seq_000291.jpg,19,8,2,2,6
seq_000295.jpg,20,2,9,2,1
seq_000278.jpg,17,7,6,1,0
seq_000280.jpg,18,10,5,1,2
seq_000293.jpg,17,5,3,2,1
seq_000274.jpg,20,7,6,1,0
seq_000294.jpg,20,5,6,1,1
seq_000279.jpg,20,10,7,1,0
seq_000286.jpg,17,10,3,1,0
seq_000315.jpg,8,6,1,1,0
seq_000310.jpg,16,9,1,4,2
seq_000298.jpg,19,3,4,4,0
seq_000314.jpg,10,8,1,1,0
seq_000301.jpg,15,3,3,2,4
seq_000317.jpg,7,5,1,1,0
seq_000311.jpg,12,6,1,1,2
seq_000296.jpg,18,2,5,1,0
seq_000316.jpg,8,7,0,1,0
seq_000309.jpg,13,8,1,2,2
seq_000313.jpg,10,6,1,2,1
seq_000304.jpg,16,9,3,1,2
seq_000307.jpg,16,9,4,1,2
seq_000300.jpg,16,3,4,2,2
seq_000297.jpg,17,3,4,2,0
seq_000306.jpg,20,11,4,2,3
seq_000299.jpg,17,4,3,3,2
seq_000312.jpg,13,7,1,1,2
seq_000308.jpg,15,9,3,1,2
seq_000303.jpg,16,9,3,1,2
seq_000302.jpg,15,5,3,2,2
seq_000305.jpg,17,9,4,1,2
seq_000339.jpg,14,6,4,1,0
seq_000331.jpg,9,3,0,1,1
seq_000328.jpg,11,2,1,2,4
seq_000337.jpg,14,5,6,1,0
seq_000334.jpg,16,7,4,1,1
seq_000330.jpg,12,5,1,1,2
seq_000332.jpg,13,3,2,1,1
seq_000321.jpg,9,4,2,1,0
seq_000318.jpg,6,4,1,1,0
seq_000335.jpg,14,6,4,1,1
seq_000333.jpg,18,8,2,1,1
seq_000336.jpg,17,6,7,1,0
seq_000319.jpg,10,7,1,1,0
seq_000320.jpg,8,4,1,1,0
seq_000327.jpg,8,2,0,1,2
seq_000338.jpg,13,3,5,2,0
seq_000329.jpg,14,7,1,1,4
seq_000322.jpg,11,6,2,2,0
seq_000325.jpg,11,5,1,2,2
seq_000324.jpg,9,2,2,3,0
seq_000326.jpg,9,2,1,1,2
seq_000323.jpg,11,5,2,3,0
seq_000351.jpg,20,6,1,2,3
seq_000362.jpg,19,6,3,3,3
seq_000349.jpg,18,5,2,3,2
seq_000355.jpg,20,9,2,4,3
seq_000354.jpg,18,6,4,6,1
seq_000344.jpg,16,11,2,0,1
seq_000341.jpg,14,7,4,0,1
seq_000360.jpg,15,2,4,3,2
seq_000359.jpg,19,3,3,5,2
seq_000342.jpg,17,9,3,1,1
seq_000347.jpg,17,7,3,0,2
seq_000356.jpg,18,8,3,4,2
seq_000350.jpg,19,5,1,0,0
seq_000343.jpg,16,11,2,0,1
seq_000358.jpg,18,3,3,5,3
seq_000345.jpg,16,5,4,2,1
seq_000348.jpg,21,5,2,2,2
seq_000353.jpg,23,9,1,7,4
seq_000357.jpg,18,6,3,6,3
seq_000352.jpg,20,4,1,4,4
seq_000346.jpg,20,8,5,1,2
seq_000340.jpg,15,5,6,1,0
seq_000361.jpg,17,3,3,2,2
seq_000369.jpg,22,9,5,3,1
seq_000368.jpg,20,11,3,3,1
seq_000366.jpg,19,11,1,3,1
seq_000371.jpg,19,6,5,2,0
seq_000364.jpg,18,7,1,4,1
seq_000363.jpg,21,7,2,4,2
seq_000377.jpg,18,5,3,3,3
seq_000379.jpg,20,7,4,3,0
seq_000370.jpg,24,9,5,5,1
seq_000374.jpg,19,5,5,2,0
seq_000372.jpg,19,6,4,2,0
seq_000365.jpg,14,5,1,2,0
seq_000375.jpg,20,7,3,3,3
seq_000383.jpg,20,5,3,3,4
seq_000376.jpg,19,9,2,1,3
seq_000378.jpg,21,7,4,3,3
seq_000367.jpg,19,12,1,2,1
seq_000380.jpg,22,5,4,6,3
seq_000382.jpg,22,6,2,4,3
seq_000384.jpg,23,8,4,2,4
seq_000381.jpg,20,3,5,4,3
seq_000373.jpg,21,6,6,1,0
seq_000388.jpg,23,7,6,4,0
seq_000394.jpg,26,6,6,2,6
seq_000401.jpg,27,7,8,4,2
seq_000392.jpg,23,6,3,4,2
seq_000399.jpg,26,11,3,3,2
seq_000406.jpg,21,6,2,3,1
seq_000402.jpg,25,4,8,4,2
seq_000403.jpg,28,6,9,3,2
seq_000400.jpg,25,8,4,3,1
seq_000389.jpg,19,5,5,4,0
seq_000405.jpg,27,9,8,4,0
seq_000393.jpg,21,6,4,3,1
seq_000397.jpg,18,7,3,2,4
seq_000398.jpg,22,6,3,3,4
seq_000385.jpg,20,6,5,2,2
seq_000387.jpg,22,7,6,3,0
seq_000386.jpg,22,7,6,2,0
seq_000391.jpg,23,6,4,5,1
seq_000390.jpg,22,6,6,5,1
seq_000404.jpg,28,8,8,3,0
seq_000395.jpg,26,9,5,3,6
seq_000396.jpg,25,8,5,5,4
seq_000414.jpg,22,8,3,4,1
seq_000411.jpg,21,6,5,3,4
seq_000422.jpg,23,5,2,3,2
seq_000416.jpg,25,10,4,4,0
seq_000407.jpg,23,9,1,3,0
seq_000423.jpg,22,4,2,4,8
seq_000425.jpg,21,6,4,4,2
seq_000420.jpg,23,8,7,3,1
seq_000408.jpg,24,9,4,4,2
seq_000424.jpg,22,6,3,5,5
seq_000413.jpg,21,7,3,4,4
seq_000419.jpg,24,6,9,3,3
seq_000412.jpg,21,6,4,4,1
seq_000421.jpg,24,5,4,6,1
seq_000415.jpg,20,7,3,4,0
seq_000417.jpg,22,7,4,4,1
seq_000409.jpg,26,9,4,5,4
seq_000410.jpg,23,7,4,4,5
seq_000418.jpg,21,8,5,3,4
seq_000431.jpg,25,7,7,5,4
seq_000434.jpg,28,5,6,6,1
seq_000429.jpg,23,4,5,6,2
seq_000446.jpg,24,4,6,3,3
seq_000448.jpg,22,7,9,3,1
seq_000445.jpg,21,2,7,3,3
seq_000432.jpg,20,6,4,3,4
seq_000428.jpg,22,2,6,6,0
seq_000433.jpg,25,6,5,4,1
seq_000438.jpg,24,6,9,3,3
seq_000427.jpg,25,4,11,2,2
seq_000441.jpg,22,5,3,4,2
seq_000443.jpg,25,6,6,5,2
seq_000442.jpg,23,5,7,3,1
seq_000447.jpg,27,8,8,3,2
seq_000435.jpg,29,8,8,2,2
seq_000430.jpg,22,4,6,4,3
seq_000426.jpg,22,5,8,3,0
seq_000444.jpg,26,8,6,5,4
seq_000437.jpg,23,8,8,2,3
seq_000439.jpg,25,6,8,5,2
seq_000436.jpg,25,7,9,2,2
seq_000440.jpg,25,8,5,5,2
seq_000467.jpg,23,6,8,4,3
seq_000449.jpg,26,7,10,3,4
seq_000463.jpg,20,2,6,5,2
seq_000468.jpg,20,5,9,1,2
seq_000464.jpg,20,4,5,3,6
seq_000458.jpg,19,2,8,3,1
seq_000453.jpg,25,6,1,7,7
seq_000457.jpg,23,6,8,4,1
seq_000466.jpg,19,3,7,2,5
seq_000459.jpg,20,4,6,3,1
seq_000451.jpg,25,5,4,4,3
seq_000460.jpg,24,4,4,3,3
seq_000456.jpg,23,7,8,3,1
seq_000450.jpg,23,5,6,3,5
seq_000465.jpg,17,4,6,3,4
seq_000462.jpg,21,2,4,4,7
seq_000461.jpg,20,2,3,2,6
seq_000470.jpg,19,6,3,6,1
seq_000454.jpg,19,2,4,4,4
seq_000452.jpg,25,3,4,2,6
seq_000469.jpg,20,8,4,3,3
seq_000455.jpg,24,8,6,3,2
seq_000477.jpg,18,8,2,3,1
seq_000474.jpg,22,9,3,4,0
seq_000475.jpg,23,11,3,4,1
seq_000482.jpg,19,3,5,3,0
seq_000490.jpg,19,8,2,5,1
seq_000472.jpg,17,7,1,4,0
seq_000478.jpg,19,9,2,4,1
seq_000485.jpg,19,4,6,6,0
seq_000492.jpg,21,6,1,6,3
seq_000487.jpg,18,4,5,4,2
seq_000476.jpg,19,7,3,4,1
seq_000486.jpg,19,4,6,4,1
seq_000483.jpg,22,5,7,9,0
seq_000484.jpg,19,4,6,6,1
seq_000489.jpg,21,11,1,4,2
seq_000491.jpg,19,5,2,4,3
seq_000481.jpg,16,4,2,3,1
seq_000488.jpg,17,7,1,3,2
seq_000479.jpg,19,8,2,4,0
seq_000471.jpg,18,5,3,5,1
seq_000480.jpg,20,7,3,4,0
seq_000473.jpg,20,7,2,6,0
seq_000511.jpg,19,6,5,2,0
seq_000502.jpg,18,8,0,3,2
seq_000507.jpg,23,7,4,6,0
seq_000503.jpg,18,6,1,4,3
seq_000508.jpg,21,3,4,7,0
seq_000505.jpg,17,5,1,5,2
seq_000513.jpg,22,8,6,4,1
seq_000514.jpg,21,4,7,6,3
seq_000495.jpg,18,5,0,5,1
seq_000516.jpg,16,2,5,3,5
seq_000512.jpg,20,6,6,3,0
seq_000504.jpg,18,7,0,4,1
seq_000510.jpg,21,5,6,3,0
seq_000500.jpg,20,7,2,4,4
seq_000498.jpg,20,8,2,3,3
seq_000515.jpg,20,4,5,6,5
seq_000509.jpg,20,4,5,5,0
seq_000499.jpg,18,9,2,3,1
seq_000496.jpg,14,3,1,4,2
seq_000506.jpg,18,5,0,3,1
seq_000494.jpg,18,5,0,4,0
seq_000493.jpg,16,5,0,4,2
seq_000501.jpg,16,7,1,3,2
seq_000497.jpg,18,7,2,4,2
seq_000532.jpg,16,3,2,1,2
seq_000536.jpg,18,6,2,4,3
seq_000517.jpg,18,4,4,5,4
seq_000533.jpg,14,3,1,1,2
seq_000528.jpg,21,12,2,1,2
seq_000535.jpg,18,5,2,5,4
seq_000530.jpg,19,10,3,2,0
seq_000529.jpg,21,12,3,1,0
seq_000534.jpg,16,5,1,3,3
seq_000538.jpg,18,4,2,4,2
seq_000518.jpg,21,4,7,3,3
seq_000524.jpg,19,3,4,2,4
seq_000519.jpg,22,6,3,3,3
seq_000525.jpg,18,6,4,1,3
seq_000531.jpg,22,11,3,1,0
seq_000526.jpg,22,9,6,1,1
seq_000537.jpg,19,7,1,4,3
seq_000521.jpg,21,5,1,3,0
seq_000523.jpg,16,4,0,2,2
seq_000522.jpg,19,6,1,1,2
seq_000520.jpg,20,5,2,3,1
seq_000539.jpg,25,11,4,3,1
seq_000527.jpg,19,8,5,2,1
seq_000558.jpg,16,3,1,4,2
seq_000555.jpg,16,5,1,3,2
seq_000542.jpg,23,9,4,2,1
seq_000557.jpg,20,6,1,5,0
seq_000552.jpg,20,8,0,5,3
seq_000551.jpg,17,9,0,3,3
seq_000547.jpg,19,9,1,3,1
seq_000543.jpg,23,9,4,2,0
seq_000554.jpg,20,11,1,3,0
seq_000556.jpg,18,8,1,4,0
seq_000541.jpg,21,6,5,4,0
seq_000553.jpg,21,10,1,3,2
seq_000540.jpg,22,7,4,4,1
seq_000544.jpg,18,4,4,2,0
seq_000550.jpg,18,7,1,4,1
seq_000546.jpg,22,9,4,3,1
seq_000549.jpg,15,3,1,3,1
seq_000545.jpg,21,6,4,5,0
seq_000548.jpg,16,6,0,3,1
seq_000563.jpg,18,1,3,3,2
seq_000562.jpg,20,2,4,3,1
seq_000571.jpg,16,4,1,3,1
seq_000570.jpg,18,4,3,3,2
seq_000566.jpg,17,2,3,3,1
seq_000574.jpg,14,2,3,3,1
seq_000582.jpg,20,5,3,3,4
seq_000568.jpg,15,3,4,3,2
seq_000561.jpg,16,2,5,3,2
seq_000577.jpg,15,3,4,3,0
seq_000573.jpg,15,5,4,2,1
seq_000569.jpg,18,4,5,3,2
seq_000564.jpg,17,0,3,3,4
seq_000560.jpg,15,2,3,3,2
seq_000565.jpg,16,1,4,4,0
seq_000576.jpg,16,1,3,4,0
seq_000581.jpg,19,3,3,3,2
seq_000559.jpg,17,3,2,3,2
seq_000578.jpg,17,3,5,4,2
seq_000579.jpg,16,5,4,4,2
seq_000572.jpg,14,3,2,3,2
seq_000567.jpg,15,2,3,5,2
seq_000580.jpg,17,4,4,3,3
seq_000575.jpg,15,3,3,3,1
seq_000595.jpg,21,6,2,3,0
seq_000586.jpg,18,5,1,2,3
seq_000591.jpg,23,8,3,5,0
seq_000598.jpg,16,4,2,2,1
seq_000604.jpg,20,5,3,4,3
seq_000584.jpg,20,7,1,4,3
seq_000592.jpg,22,6,2,9,0
seq_000599.jpg,20,6,2,1,0
seq_000603.jpg,19,5,4,4,2
seq_000589.jpg,25,10,5,4,1
seq_000590.jpg,21,6,4,4,0
seq_000596.jpg,18,6,2,3,0
seq_000587.jpg,19,7,3,2,2
seq_000585.jpg,22,8,1,2,7
seq_000601.jpg,19,9,2,3,0
seq_000583.jpg,19,7,1,3,4
seq_000588.jpg,19,8,1,2,3
seq_000593.jpg,19,6,2,7,0
seq_000594.jpg,18,7,2,2,0
seq_000606.jpg,21,4,2,5,3
seq_000597.jpg,16,3,3,3,0
seq_000602.jpg,21,6,5,4,1
seq_000605.jpg,21,5,4,4,3
seq_000600.jpg,17,5,1,4,1
seq_000614.jpg,24,10,1,3,7
seq_000613.jpg,24,10,3,3,3
seq_000628.jpg,22,6,5,7,3
seq_000609.jpg,25,10,3,4,2
seq_000624.jpg,22,9,4,4,1
seq_000618.jpg,20,2,3,3,5
seq_000626.jpg,21,6,4,4,2
seq_000636.jpg,16,2,6,4,2
seq_000629.jpg,20,4,7,2,1
seq_000612.jpg,24,9,3,2,3
seq_000631.jpg,18,3,6,3,2
seq_000622.jpg,22,8,2,3,1
seq_000607.jpg,21,5,2,4,2
seq_000620.jpg,23,7,2,7,4
seq_000610.jpg,26,9,3,5,2
seq_000621.jpg,24,11,2,3,2
seq_000632.jpg,21,1,5,5,3
seq_000617.jpg,21,6,2,1,5
seq_000630.jpg,19,4,6,4,2
seq_000633.jpg,18,2,6,2,3
seq_000616.jpg,23,7,2,5,4
seq_000608.jpg,24,6,2,4,2
seq_000619.jpg,24,9,3,3,4
seq_000611.jpg,21,7,4,2,2
seq_000635.jpg,19,2,5,6,3
seq_000634.jpg,17,1,5,3,3
seq_000623.jpg,22,9,2,4,2
seq_000615.jpg,21,5,2,5,5
seq_000627.jpg,19,5,4,2,3
seq_000625.jpg,22,8,4,4,3
seq_000655.jpg,22,9,3,3,2
seq_000645.jpg,25,6,5,4,6
seq_000643.jpg,23,2,4,6,5
seq_000649.jpg,21,6,5,1,5
seq_000640.jpg,23,5,6,4,5
seq_000637.jpg,25,4,9,6,3
seq_000647.jpg,21,5,4,3,4
seq_000644.jpg,27,5,6,7,6
seq_000642.jpg,24,4,4,4,6
seq_000638.jpg,19,2,6,5,3
seq_000656.jpg,22,9,3,5,1
seq_000653.jpg,21,6,2,4,3
seq_000648.jpg,24,5,3,3,6
seq_000646.jpg,24,5,4,4,2
seq_000641.jpg,20,3,5,3,5
seq_000650.jpg,22,7,4,4,3
seq_000652.jpg,20,5,2,5,4
seq_000639.jpg,19,3,3,6,5
seq_000651.jpg,17,4,3,4,3
seq_000654.jpg,19,8,2,2,1
seq_000663.jpg,16,3,1,4,4
seq_000658.jpg,19,5,3,5,1
seq_000672.jpg,20,0,6,3,2
seq_000675.jpg,23,4,6,4,6
seq_000671.jpg,17,0,4,3,3
seq_000678.jpg,23,7,4,5,3
seq_000659.jpg,21,7,3,5,1
seq_000662.jpg,19,2,5,4,4
seq_000676.jpg,23,7,3,3,5
seq_000657.jpg,21,9,1,5,1
seq_000670.jpg,19,3,3,4,4
seq_000666.jpg,22,7,4,4,3
seq_000660.jpg,20,6,3,4,3
seq_000668.jpg,22,4,5,1,7
seq_000667.jpg,21,7,5,2,3
seq_000674.jpg,23,4,5,2,7
seq_000669.jpg,20,4,4,3,6
seq_000664.jpg,14,3,1,3,3
seq_000677.jpg,22,6,4,3,4
seq_000661.jpg,22,4,3,6,5
seq_000665.jpg,17,3,1,4,4
seq_000673.jpg,19,0,6,2,4
seq_000700.jpg,23,8,4,4,1
seq_000686.jpg,20,5,0,2,5
seq_000679.jpg,22,6,4,4,3
seq_000685.jpg,19,5,0,2,4
seq_000681.jpg,20,8,0,3,2
seq_000698.jpg,20,4,3,4,1
seq_000697.jpg,19,5,1,2,1
seq_000688.jpg,20,7,0,3,3
seq_000682.jpg,21,9,0,4,2
seq_000690.jpg,21,3,1,5,7
seq_000701.jpg,24,9,4,5,1
seq_000680.jpg,20,8,3,3,3
seq_000692.jpg,18,6,2,1,7
seq_000691.jpg,22,7,2,3,6
seq_000693.jpg,18,5,1,2,6
seq_000694.jpg,18,4,0,2,4
seq_000689.jpg,19,5,0,3,7
seq_000695.jpg,19,6,0,2,4
seq_000696.jpg,19,5,0,2,3
seq_000687.jpg,20,5,0,4,5
seq_000699.jpg,21,7,4,2,1
seq_000683.jpg,16,6,0,3,2
seq_000684.jpg,21,10,0,3,2
seq_000722.jpg,22,5,5,1,8
seq_000702.jpg,21,8,3,5,1
seq_000709.jpg,22,5,5,5,2
seq_000712.jpg,23,6,8,5,0
seq_000713.jpg,21,4,8,4,0
seq_000714.jpg,21,5,6,5,1
seq_000719.jpg,26,6,4,3,3
seq_000707.jpg,25,10,7,2,2
seq_000711.jpg,24,8,6,6,0
seq_000710.jpg,25,8,5,6,0
seq_000720.jpg,26,6,3,1,5
seq_000703.jpg,19,7,2,5,1
seq_000715.jpg,23,7,7,6,1
seq_000705.jpg,21,8,4,4,0
seq_000718.jpg,22,4,7,5,1
seq_000708.jpg,22,5,8,2,3
seq_000716.jpg,20,6,5,5,1
seq_000721.jpg,23,4,4,1,7
seq_000704.jpg,24,9,5,5,1
seq_000706.jpg,25,8,6,5,2
seq_000717.jpg,23,7,7,7,1
seq_000735.jpg,23,6,4,4,4
seq_000744.jpg,23,11,6,4,0
seq_000741.jpg,24,10,6,4,0
seq_000729.jpg,20,5,3,1,2
seq_000730.jpg,21,6,2,1,2
seq_000743.jpg,24,8,7,5,0
seq_000732.jpg,22,6,5,5,0
seq_000736.jpg,19,7,1,2,5
seq_000725.jpg,21,8,3,2,5
seq_000740.jpg,23,10,5,3,0
seq_000738.jpg,18,6,2,4,2
seq_000733.jpg,23,10,4,3,4
seq_000731.jpg,23,6,2,5,0
seq_000739.jpg,23,11,2,3,2
seq_000728.jpg,21,7,3,2,3
seq_000742.jpg,21,7,8,4,0
seq_000723.jpg,21,7,5,2,5
seq_000734.jpg,23,7,5,2,5
seq_000726.jpg,26,9,3,3,6
seq_000727.jpg,23,9,3,3,3
seq_000724.jpg,22,6,3,4,4
seq_000737.jpg,19,6,2,6,3
seq_000747.jpg,25,10,5,8,0
seq_000754.jpg,19,4,2,4,2
seq_000756.jpg,20,6,3,4,1
seq_000748.jpg,20,8,4,3,1
seq_000746.jpg,23,8,6,5,0
seq_000751.jpg,21,6,5,4,2
seq_000755.jpg,19,7,1,6,1
seq_000753.jpg,21,5,3,4,2
seq_000749.jpg,18,6,4,4,0
seq_000763.jpg,15,6,1,4,0
seq_000766.jpg,15,3,1,1,4
seq_000752.jpg,20,5,4,2,2
seq_000764.jpg,18,6,1,6,2
seq_000758.jpg,19,5,3,3,3
seq_000760.jpg,19,8,2,3,4
seq_000761.jpg,19,3,2,5,4
seq_000759.jpg,20,6,3,3,3
seq_000745.jpg,25,7,6,6,0
seq_000762.jpg,20,6,0,5,3
seq_000765.jpg,18,4,1,3,4
seq_000750.jpg,18,6,3,2,0
seq_000757.jpg,23,6,3,4,1
seq_000770.jpg,19,8,3,4,0
seq_000779.jpg,23,2,8,2,0
seq_000768.jpg,19,5,2,4,3
seq_000773.jpg,24,10,8,2,2
seq_000781.jpg,18,3,7,3,3
seq_000782.jpg,18,4,5,2,3
seq_000777.jpg,20,4,7,3,0
seq_000787.jpg,17,5,0,6,2
seq_000767.jpg,17,4,2,4,4
seq_000785.jpg,21,9,4,4,2
seq_000775.jpg,21,5,6,2,2
seq_000772.jpg,24,11,8,2,2
seq_000784.jpg,23,7,6,6,0
seq_000778.jpg,23,4,10,1,0
seq_000780.jpg,20,3,8,4,2
seq_000786.jpg,19,7,2,4,2
seq_000769.jpg,18,6,3,3,0
seq_000774.jpg,20,5,5,3,2
seq_000783.jpg,19,5,5,3,2
seq_000776.jpg,19,4,5,4,2
seq_000771.jpg,18,8,4,1,2
seq_000790.jpg,18,5,1,3,0
seq_000795.jpg,18,8,1,3,2
seq_000794.jpg,20,7,2,5,2
seq_000793.jpg,16,4,2,2,0
seq_000809.jpg,22,10,5,3,0
seq_000803.jpg,22,8,4,4,1
seq_000800.jpg,25,12,1,8,0
seq_000805.jpg,22,8,4,3,1
seq_000789.jpg,12,2,1,2,0
seq_000792.jpg,18,5,2,4,0
seq_000788.jpg,19,7,1,5,2
seq_000801.jpg,23,8,2,6,1
seq_000799.jpg,24,11,1,5,2
seq_000804.jpg,22,7,4,4,1
seq_000797.jpg,22,9,1,5,3
seq_000802.jpg,18,8,1,3,1
seq_000796.jpg,20,9,1,5,3
seq_000808.jpg,25,10,4,3,1
seq_000791.jpg,18,5,1,5,0
seq_000807.jpg,24,9,4,4,0
seq_000798.jpg,21,11,1,4,3
seq_000810.jpg,22,10,3,3,0
seq_000806.jpg,23,8,6,3,0
seq_000816.jpg,20,6,3,2,4
seq_000823.jpg,19,8,2,2,3
seq_000813.jpg,20,4,2,4,3
seq_000822.jpg,17,6,2,3,3
seq_000824.jpg,16,8,0,3,3
seq_000820.jpg,19,6,2,3,1
seq_000814.jpg,20,6,4,3,1
seq_000811.jpg,18,5,3,3,2
seq_000819.jpg,18,4,3,4,0
seq_000818.jpg,16,6,0,3,0
seq_000821.jpg,18,5,4,0,4
seq_000815.jpg,17,4,3,2,2
seq_000812.jpg,21,5,4,5,2
seq_000817.jpg,18,6,3,3,1
seq_000834.jpg,19,5,2,4,4
seq_000826.jpg,19,7,1,6,1
seq_000836.jpg,15,2,3,2,5
seq_000830.jpg,13,4,1,2,3
seq_000833.jpg,18,9,2,3,2
seq_000827.jpg,18,5,1,3,0
seq_000837.jpg,17,3,3,3,3
seq_000831.jpg,15,6,1,3,2
seq_000829.jpg,14,5,1,3,2
seq_000835.jpg,21,5,3,4,5
seq_000825.jpg,19,8,1,4,2
seq_000832.jpg,16,5,3,3,2
seq_000828.jpg,16,5,1,3,1
seq_000846.jpg,17,5,4,1,3
seq_000854.jpg,20,0,7,2,2
seq_000843.jpg,19,4,5,4,1
seq_000842.jpg,19,3,7,3,1
seq_000848.jpg,18,5,6,1,2
seq_000847.jpg,16,5,5,1,2
seq_000844.jpg,18,4,4,4,1
seq_000841.jpg,18,4,5,3,0
seq_000857.jpg,21,3,6,3,5
seq_000845.jpg,17,5,5,3,0
seq_000855.jpg,18,1,6,4,1
seq_000838.jpg,19,3,3,4,3
seq_000858.jpg,18,5,5,2,3
seq_000849.jpg,20,6,7,1,3
seq_000850.jpg,21,9,5,3,0
seq_000851.jpg,19,5,6,3,1
seq_000839.jpg,20,2,5,5,2
seq_000840.jpg,20,4,8,3,2
seq_000853.jpg,20,0,6,5,1
seq_000856.jpg,14,0,4,4,3
seq_000852.jpg,19,1,5,3,1
seq_000876.jpg,17,3,0,4,0
seq_000880.jpg,20,3,0,5,6
seq_000878.jpg,17,3,0,4,2
seq_000864.jpg,21,6,0,6,2
seq_000862.jpg,23,5,3,6,2
seq_000877.jpg,17,4,1,4,1
seq_000868.jpg,20,5,4,2,3
seq_000859.jpg,19,3,6,2,4
seq_000872.jpg,21,3,5,5,3
seq_000866.jpg,18,4,4,3,3
seq_000875.jpg,17,3,2,4,0
seq_000865.jpg,19,3,4,5,2
seq_000879.jpg,17,4,0,2,5
seq_000881.jpg,20,6,0,4,5
seq_000870.jpg,22,8,5,5,2
seq_000867.jpg,21,6,3,3,3
seq_000873.jpg,21,5,5,7,0
seq_000874.jpg,19,3,5,5,0
seq_000863.jpg,16,5,2,4,1
seq_000869.jpg,22,4,7,3,2
seq_000871.jpg,23,5,6,5,3
seq_000861.jpg,17,6,4,2,1
seq_000860.jpg,19,4,5,4,2
seq_000902.jpg,20,4,3,6,0
seq_000906.jpg,18,3,4,2,2
seq_000897.jpg,22,4,6,3,2
seq_000903.jpg,22,3,3,7,1
seq_000905.jpg,21,5,4,5,2
seq_000887.jpg,14,2,2,2,4
seq_000889.jpg,14,1,2,3,4
seq_000896.jpg,20,3,4,3,6
seq_000883.jpg,21,4,2,5,2
seq_000892.jpg,17,5,2,3,1
seq_000890.jpg,19,7,2,2,3
seq_000900.jpg,18,6,2,5,2
seq_000886.jpg,20,4,4,4,2
seq_000904.jpg,20,4,2,7,2
seq_000893.jpg,24,8,3,3,2
seq_000898.jpg,20,5,4,5,2
seq_000884.jpg,18,5,0,3,2
seq_000885.jpg,19,5,1,4,3
seq_000891.jpg,18,4,2,5,1
seq_000901.jpg,16,5,3,3,0
seq_000899.jpg,17,7,3,3,1
seq_000882.jpg,17,5,0,3,4
seq_000894.jpg,20,4,6,2,4
seq_000895.jpg,19,3,6,2,6
seq_000888.jpg,20,3,2,5,4
seq_000924.jpg,16,4,3,4,1
seq_000908.jpg,20,7,4,2,2
seq_000933.jpg,18,3,0,7,6
seq_000937.jpg,16,2,0,7,3
seq_000917.jpg,22,6,2,6,4
seq_000934.jpg,15,3,0,4,5
seq_000912.jpg,23,8,3,3,4
seq_000929.jpg,15,1,1,6,1
seq_000921.jpg,21,7,4,6,2
seq_000916.jpg,20,5,2,5,5
seq_000923.jpg,16,4,3,4,1
seq_000931.jpg,19,3,0,8,3
seq_000935.jpg,17,3,0,5,4
seq_000911.jpg,22,9,2,3,4
seq_000922.jpg,21,4,3,7,2
seq_000915.jpg,22,5,2,6,6
seq_000910.jpg,20,8,3,2,2
seq_000907.jpg,18,5,6,1,2
seq_000914.jpg,24,6,2,4,8
seq_000909.jpg,19,7,3,3,1
seq_000913.jpg,21,6,2,3,4
seq_000926.jpg,13,1,3,7,0
seq_000918.jpg,20,4,3,6,2
seq_000936.jpg,14,2,0,4,4
seq_000932.jpg,19,6,0,6,4
seq_000919.jpg,20,3,3,6,2
seq_000920.jpg,21,6,3,6,2
seq_000928.jpg,13,0,0,5,1
seq_000927.jpg,19,2,3,11,0
seq_000930.jpg,17,4,1,5,1
seq_000925.jpg,16,5,3,7,0
seq_000960.jpg,24,6,7,6,0
seq_000961.jpg,22,7,6,6,0
seq_000948.jpg,24,5,8,5,1
seq_000946.jpg,23,4,8,7,0
seq_000949.jpg,24,7,6,6,1
seq_000953.jpg,21,8,5,3,1
seq_000947.jpg,23,5,8,7,0
seq_000943.jpg,18,5,0,7,0
seq_000944.jpg,21,6,1,6,0
seq_000957.jpg,21,4,3,5,2
seq_000950.jpg,22,5,6,6,1
seq_000959.jpg,24,4,3,6,1
seq_000941.jpg,15,3,0,6,2
seq_000964.jpg,25,6,8,3,4
seq_000965.jpg,21,6,5,3,3
seq_000940.jpg,18,5,0,9,3
seq_000938.jpg,15,3,1,5,3
seq_000954.jpg,24,6,4,6,2
seq_000962.jpg,22,6,6,5,4
seq_000956.jpg,24,8,4,5,2
seq_000939.jpg,16,4,0,6,3
seq_000951.jpg,24,6,7,6,0
seq_000963.jpg,25,6,8,5,5
seq_000942.jpg,16,4,1,4,1
seq_000952.jpg,25,6,8,6,1
seq_000955.jpg,25,5,6,7,3
seq_000945.jpg,22,7,4,6,0
seq_000958.jpg,20,5,4,3,1
seq_000989.jpg,22,2,6,5,7
seq_000978.jpg,18,4,3,7,2
seq_000986.jpg,20,0,6,6,3
seq_000968.jpg,24,7,5,3,2
seq_000976.jpg,19,5,5,5,3
seq_000975.jpg,20,5,3,4,0
seq_000983.jpg,14,0,2,4,3
seq_000974.jpg,21,6,1,6,0
seq_000969.jpg,23,4,3,4,5
seq_000991.jpg,26,6,7,5,4
seq_000980.jpg,21,2,4,9,2
seq_000967.jpg,26,7,5,4,3
seq_000982.jpg,16,1,2,6,3
seq_000985.jpg,19,0,4,7,1
seq_000987.jpg,19,1,6,5,2
seq_000990.jpg,22,4,6,4,5
seq_000984.jpg,18,0,6,5,4
seq_000970.jpg,22,2,4,4,5
seq_000981.jpg,17,1,3,6,4
seq_000979.jpg,22,2,5,9,1
seq_000988.jpg,22,3,5,6,4
seq_000966.jpg,25,5,4,4,4
seq_000972.jpg,22,4,3,5,4
seq_000971.jpg,23,4,4,6,5
seq_000977.jpg,19,5,3,6,3
seq_000973.jpg,23,5,3,7,0
seq_001020.jpg,23,6,8,4,3
seq_001004.jpg,23,9,4,4,1
seq_000998.jpg,24,6,6,5,2
seq_001008.jpg,20,4,5,5,0
seq_001016.jpg,22,9,7,4,0
seq_001000.jpg,25,7,3,2,4
seq_000996.jpg,25,9,8,4,2
seq_000992.jpg,22,5,7,4,0
seq_001003.jpg,21,6,3,4,4
